total_enthalpy,free_energy,homo,lumo,gap
-52.35810019,-52.27858117,-0.364937651,-0.221411348,0.13936837
